<?xml version="1.0" encoding="UTF-8"?>
<!DOCTYPE hibernate-configuration PUBLIC
"-//Hibernate/Hibernate Configuration DTD//EN" "http://hibernate.sourceforge.net/hibernate-configuration-3.0.dtd">

<hibernate-configuration>
<session-factory>
      <property name="hibernate.connection.driver_class">com.mysql.jdbc.Driver</property>
      <property name="hibernate.connection.url">jdbc:mysql://localhost:3306/eventdb</property>
      <property name="hibernate.connection.username">root</property>
      <property name="hibernate.connection.password">root</property>
      <property name="hibernate.connection.pool_size">10</property>
      <property name="show_sql">true</property>
      <property name="dialect">org.hibernate.dialect.MySQLDialect</property>
      <property name="hibernate.hbm2ddl.auto">update</property>
      <!-- Mapping files -->
     <!-- <mapping resource="com/cognizant/resource/room.hbm.xml"/>  -->
     
     <!-- <mapping class="com.cognizant.entities.Address"/>
     <mapping class="com.cognizant.entities.Customer"/>
     <mapping class="com.cognizant.entities.Book"/>
     <mapping class="com.cognizant.entities.Author"/>
     <mapping class="com.cognizant.entities.Player"/>
     <mapping class="com.cognizant.entities.Team"/>
     <mapping class="com.cognizant.entities.Trainee"/> -->
     
     
     <mapping class="com.cognizant.entities.Payment"/>
     
     <mapping class="com.cognizant.entities.CreditCard"/>
     <mapping class="com.cognizant.entities.DebitCard"/>
     
     
     <mapping class="com.cognizant.entities.Address"/>
     <mapping class="com.cognizant.entities.Person"/>
     
     <mapping class="com.cognizant.entities.Employee"/>
     <mapping class="com.cognizant.entities.Manager"/>
     
     
    
</session-factory>
</hibernate-configuration>