<?xml version="1.0" encoding="UTF-8"?>
<!DOCTYPE hibernate-configuration PUBLIC
"-//Hibernate/Hibernate Configuration DTD//EN"
"http://hibernate.sourceforge.net/hibernate-configuration-3.0.dtd">

<hibernate-configuration>
<session-factory>
      <property name="hibernate.connection.driver_class">com.mysql.jdbc.Driver</property>
      <property name="hibernate.connection.url">jdbc:mysql://localhost:3306/eventdb</property>
      <property name="hibernate.connection.username">root</property>
      <property name="hibernate.connection.password">root</property>
      <property name="hibernate.connection.pool_size">10</property>
      <property name="show_sql">true</property>
      <property name="dialect">org.hibernate.dialect.MySQLDialect</property>
      <property name="hibernate.hbm2ddl.auto">update</property>
    <!-- Enable the second-level cache -->  
<property name="hibernate.cache.use_second_level_cache">true</property>
 <property name="net.sf.ehcache.configurationResourceName">com/cts/resource/ehcache.xml</property>
<property name="hibernate.cache.region.factory_class">org.hibernate.cache.ehcache.EhCacheRegionFactory</property>	  
      
    
      <!-- Mapping files -->
      <mapping class="com.cts.entities.Location"/>
 <mapping class="com.cts.entities.LocationTracker"/> 
    
</session-factory>
</hibernate-configuration>