<?xml version="1.0" encoding="UTF-8"?>
<!DOCTYPE hibernate-mapping PUBLIC "-//Hibernate/Hibernate Mapping DTD 3.0//EN" "http://www.hibernate.org/dtd/hibernate-mapping-3.0.dtd">
<hibernate-mapping>
<class name="Customer" table="customer">
<id name="id" column="id">
        <generator class="native" />
    </id>
<property name="name" column="name" type="string"/>
    <property name="email" column="email" type="string"/>
    <property name="phone" column="phone" type="string"/>
</class>
</hibernate-mapping>

