<?xml version="1.0" encoding="UTF-8"?>
<!DOCTYPE hibernate-mapping PUBLIC "-//Hibernate/Hibernate Mapping DTD 3.0//EN" "http://www.hibernate.org/dtd/hibernate-mapping-3.0.dtd">
<hibernate-mapping>
   <class name="Employee" table="employee">
     <id name="id" column="id">
        <generator class="native"/>
    </id>
  
    <property name="name" column="name" type="string"/>
    <property name="surname" column="surname" type="string"/>
    <property name="title" column="title" type="string"/>
    <property name="created" column="created" type="date"/>
    
   </class>
</hibernate-mapping>