<?xml version="1.0" encoding="UTF-8"?>
<!DOCTYPE hibernate-mapping PUBLIC "-//Hibernate/Hibernate Mapping DTD 3.0//EN" "http://www.hibernate.org/dtd/hibernate-mapping-3.0.dtd">
<hibernate-mapping>
  <class name="Course" table="COURSE">
	<meta attribute="class-description">
		This class contains course details.
	</meta>
	<id name="courseId" type="long" column="COURSE_ID">
		<generator class="native"/>
	</id>
	<property name="courseName" type="string" column="COURSE_NAME"/>	
</class>
    
</hibernate-mapping>